dataset,condition,hemi,subject_row,measure,value,dataset_pair
PNI,T1w,L,0,consistency,0.9932112870565545,
PNI,T1w,L,1,consistency,0.9926656914365958,
PNI,T1w,L,2,consistency,0.9980058105594797,
PNI,T1w,L,3,consistency,0.9951136248677189,
PNI,T1w,L,4,consistency,0.9914957376805006,
PNI,T1w,L,5,consistency,0.9975475905252459,
PNI,T1w,L,6,consistency,,
PNI,T1w,L,7,consistency,0.998245699942705,
PNI,T1w,L,8,consistency,0.9957081777344031,
PNI,T1w,L,9,consistency,,
PNI,T1w,L,10,consistency,,
PNI,T1w,L,11,consistency,,
PNI,T1w,L,12,consistency,,
PNI,T1w,L,13,consistency,,
PNI,T1w,L,14,consistency,,
PNI,T1w,L,15,consistency,0.9909730598278382,
PNI,T1w,L,16,consistency,,
PNI,T1w,L,17,consistency,0.992088795654849,
PNI,T1w,L,18,consistency,,
PNI,T1w,L,19,consistency,,
PNI,T1w,L,20,consistency,0.9868148988958827,
PNI,T1w,L,21,consistency,,
PNI,T1w,L,22,consistency,0.9865651669911522,
PNI,T1w,L,23,consistency,0.9855455022005735,
PNI,T1w,L,24,consistency,,
PNI,T1w,L,25,consistency,,
PNI,T1w,R,0,consistency,0.9937331400177626,
PNI,T1w,R,1,consistency,0.9928721950881064,
PNI,T1w,R,2,consistency,0.9979795105614819,
PNI,T1w,R,3,consistency,0.9960736844305689,
PNI,T1w,R,4,consistency,0.9910502211066567,
PNI,T1w,R,5,consistency,0.9967809764254904,
PNI,T1w,R,6,consistency,,
PNI,T1w,R,7,consistency,0.9974956655401783,
PNI,T1w,R,8,consistency,0.9961777338839131,
PNI,T1w,R,9,consistency,,
PNI,T1w,R,10,consistency,,
PNI,T1w,R,11,consistency,,
PNI,T1w,R,12,consistency,,
PNI,T1w,R,13,consistency,,
PNI,T1w,R,14,consistency,,
PNI,T1w,R,15,consistency,0.9910385639854964,
PNI,T1w,R,16,consistency,,
PNI,T1w,R,17,consistency,0.9922756066773808,
PNI,T1w,R,18,consistency,,
PNI,T1w,R,19,consistency,,
PNI,T1w,R,20,consistency,0.9873962620603945,
PNI,T1w,R,21,consistency,,
PNI,T1w,R,22,consistency,0.9839857997228122,
PNI,T1w,R,23,consistency,0.9857838101244814,
PNI,T1w,R,24,consistency,,
PNI,T1w,R,25,consistency,,
PNI,synthlayer_v0.3,L,0,consistency,0.9888157441162512,
PNI,synthlayer_v0.3,L,1,consistency,0.9860850080787761,
PNI,synthlayer_v0.3,L,2,consistency,0.9961985068875804,
PNI,synthlayer_v0.3,L,3,consistency,0.9514073356941655,
PNI,synthlayer_v0.3,L,4,consistency,,
PNI,synthlayer_v0.3,L,5,consistency,,
PNI,synthlayer_v0.3,L,6,consistency,,
PNI,synthlayer_v0.3,L,7,consistency,,
PNI,synthlayer_v0.3,L,8,consistency,,
PNI,synthlayer_v0.3,L,9,consistency,,
PNI,synthlayer_v0.3,L,10,consistency,,
PNI,synthlayer_v0.3,L,11,consistency,,
PNI,synthlayer_v0.3,L,12,consistency,,
PNI,synthlayer_v0.3,L,13,consistency,,
PNI,synthlayer_v0.3,L,14,consistency,,
PNI,synthlayer_v0.3,L,15,consistency,,
PNI,synthlayer_v0.3,L,16,consistency,,
PNI,synthlayer_v0.3,L,17,consistency,0.9880442205385301,
PNI,synthlayer_v0.3,L,18,consistency,,
PNI,synthlayer_v0.3,L,19,consistency,,
PNI,synthlayer_v0.3,L,20,consistency,,
PNI,synthlayer_v0.3,L,21,consistency,,
PNI,synthlayer_v0.3,L,22,consistency,,
PNI,synthlayer_v0.3,L,23,consistency,0.98651566255004,
PNI,synthlayer_v0.3,L,24,consistency,,
PNI,synthlayer_v0.3,L,25,consistency,,
PNI,synthlayer_v0.3,R,0,consistency,0.966624158716248,
PNI,synthlayer_v0.3,R,1,consistency,0.9851931814523455,
PNI,synthlayer_v0.3,R,2,consistency,0.9959260375022918,
PNI,synthlayer_v0.3,R,3,consistency,0.9346949653545924,
PNI,synthlayer_v0.3,R,4,consistency,,
PNI,synthlayer_v0.3,R,5,consistency,,
PNI,synthlayer_v0.3,R,6,consistency,,
PNI,synthlayer_v0.3,R,7,consistency,,
PNI,synthlayer_v0.3,R,8,consistency,,
PNI,synthlayer_v0.3,R,9,consistency,,
PNI,synthlayer_v0.3,R,10,consistency,,
PNI,synthlayer_v0.3,R,11,consistency,,
PNI,synthlayer_v0.3,R,12,consistency,,
PNI,synthlayer_v0.3,R,13,consistency,,
PNI,synthlayer_v0.3,R,14,consistency,,
PNI,synthlayer_v0.3,R,15,consistency,,
PNI,synthlayer_v0.3,R,16,consistency,,
PNI,synthlayer_v0.3,R,17,consistency,0.9204059677741756,
PNI,synthlayer_v0.3,R,18,consistency,,
PNI,synthlayer_v0.3,R,19,consistency,,
PNI,synthlayer_v0.3,R,20,consistency,,
PNI,synthlayer_v0.3,R,21,consistency,,
PNI,synthlayer_v0.3,R,22,consistency,,
PNI,synthlayer_v0.3,R,23,consistency,0.982394483813581,
PNI,synthlayer_v0.3,R,24,consistency,,
PNI,synthlayer_v0.3,R,25,consistency,,
MICs,T1w,L,0,consistency,0.9992227379516915,
MICs,T1w,L,1,consistency,0.992417350893969,
MICs,T1w,L,2,consistency,0.9979267998387952,
MICs,T1w,L,3,consistency,0.99805185692902,
MICs,T1w,L,4,consistency,0.9932391613715258,
MICs,T1w,L,5,consistency,0.9966943508587536,
MICs,T1w,L,6,consistency,,
MICs,T1w,L,7,consistency,,
MICs,T1w,L,8,consistency,0.9974226452913897,
MICs,T1w,L,9,consistency,,
MICs,T1w,L,10,consistency,,
MICs,T1w,L,11,consistency,,
MICs,T1w,L,12,consistency,,
MICs,T1w,L,13,consistency,,
MICs,T1w,L,14,consistency,,
MICs,T1w,L,15,consistency,,
MICs,T1w,L,16,consistency,,
MICs,T1w,L,17,consistency,,
MICs,T1w,L,18,consistency,,
MICs,T1w,L,19,consistency,,
MICs,T1w,L,20,consistency,,
MICs,T1w,L,21,consistency,,
MICs,T1w,L,22,consistency,0.9840705934999522,
MICs,T1w,L,23,consistency,,
MICs,T1w,L,24,consistency,,
MICs,T1w,L,25,consistency,0.9964062772029431,
MICs,T1w,R,0,consistency,0.9991381137474097,
MICs,T1w,R,1,consistency,0.9923703267525205,
MICs,T1w,R,2,consistency,0.9981741260574819,
MICs,T1w,R,3,consistency,0.9983137238820147,
MICs,T1w,R,4,consistency,0.9949429967856392,
MICs,T1w,R,5,consistency,0.9965511660300197,
MICs,T1w,R,6,consistency,,
MICs,T1w,R,7,consistency,,
MICs,T1w,R,8,consistency,0.9991447299327195,
MICs,T1w,R,9,consistency,,
MICs,T1w,R,10,consistency,,
MICs,T1w,R,11,consistency,,
MICs,T1w,R,12,consistency,,
MICs,T1w,R,13,consistency,,
MICs,T1w,R,14,consistency,,
MICs,T1w,R,15,consistency,,
MICs,T1w,R,16,consistency,,
MICs,T1w,R,17,consistency,,
MICs,T1w,R,18,consistency,,
MICs,T1w,R,19,consistency,,
MICs,T1w,R,20,consistency,,
MICs,T1w,R,21,consistency,,
MICs,T1w,R,22,consistency,0.9866336227936214,
MICs,T1w,R,23,consistency,,
MICs,T1w,R,24,consistency,,
MICs,T1w,R,25,consistency,0.9975146497302805,
MICs,synthlayer_v0.3,L,0,consistency,0.9968654628099681,
MICs,synthlayer_v0.3,L,1,consistency,0.9908737894468301,
MICs,synthlayer_v0.3,L,2,consistency,0.9850947252652379,
MICs,synthlayer_v0.3,L,3,consistency,,
MICs,synthlayer_v0.3,L,4,consistency,,
MICs,synthlayer_v0.3,L,5,consistency,,
MICs,synthlayer_v0.3,L,6,consistency,,
MICs,synthlayer_v0.3,L,7,consistency,,
MICs,synthlayer_v0.3,L,8,consistency,,
MICs,synthlayer_v0.3,L,9,consistency,,
MICs,synthlayer_v0.3,L,10,consistency,,
MICs,synthlayer_v0.3,L,11,consistency,,
MICs,synthlayer_v0.3,L,12,consistency,,
MICs,synthlayer_v0.3,L,13,consistency,,
MICs,synthlayer_v0.3,L,14,consistency,,
MICs,synthlayer_v0.3,L,15,consistency,,
MICs,synthlayer_v0.3,L,16,consistency,,
MICs,synthlayer_v0.3,L,17,consistency,,
MICs,synthlayer_v0.3,L,18,consistency,,
MICs,synthlayer_v0.3,L,19,consistency,,
MICs,synthlayer_v0.3,L,20,consistency,,
MICs,synthlayer_v0.3,L,21,consistency,,
MICs,synthlayer_v0.3,L,22,consistency,,
MICs,synthlayer_v0.3,L,23,consistency,,
MICs,synthlayer_v0.3,L,24,consistency,,
MICs,synthlayer_v0.3,L,25,consistency,0.9947744520521298,
MICs,synthlayer_v0.3,R,0,consistency,0.9895847147222329,
MICs,synthlayer_v0.3,R,1,consistency,0.9863385694617692,
MICs,synthlayer_v0.3,R,2,consistency,0.9961988577664771,
MICs,synthlayer_v0.3,R,3,consistency,,
MICs,synthlayer_v0.3,R,4,consistency,,
MICs,synthlayer_v0.3,R,5,consistency,,
MICs,synthlayer_v0.3,R,6,consistency,,
MICs,synthlayer_v0.3,R,7,consistency,,
MICs,synthlayer_v0.3,R,8,consistency,,
MICs,synthlayer_v0.3,R,9,consistency,,
MICs,synthlayer_v0.3,R,10,consistency,,
MICs,synthlayer_v0.3,R,11,consistency,,
MICs,synthlayer_v0.3,R,12,consistency,,
MICs,synthlayer_v0.3,R,13,consistency,,
MICs,synthlayer_v0.3,R,14,consistency,,
MICs,synthlayer_v0.3,R,15,consistency,,
MICs,synthlayer_v0.3,R,16,consistency,,
MICs,synthlayer_v0.3,R,17,consistency,,
MICs,synthlayer_v0.3,R,18,consistency,,
MICs,synthlayer_v0.3,R,19,consistency,,
MICs,synthlayer_v0.3,R,20,consistency,,
MICs,synthlayer_v0.3,R,21,consistency,,
MICs,synthlayer_v0.3,R,22,consistency,,
MICs,synthlayer_v0.3,R,23,consistency,,
MICs,synthlayer_v0.3,R,24,consistency,,
MICs,synthlayer_v0.3,R,25,consistency,0.9852615312040773,
bMICs,T1w,L,0,consistency,0.998900105811075,
bMICs,T1w,L,1,consistency,0.9925563730377099,
bMICs,T1w,L,2,consistency,0.9985766553282575,
bMICs,T1w,L,3,consistency,0.9969711215069651,
bMICs,T1w,L,4,consistency,0.9942777715297089,
bMICs,T1w,L,5,consistency,0.9954173259559371,
bMICs,T1w,L,6,consistency,,
bMICs,T1w,L,7,consistency,,
bMICs,T1w,L,8,consistency,0.9986199312676675,
bMICs,T1w,L,9,consistency,,
bMICs,T1w,L,10,consistency,,
bMICs,T1w,L,11,consistency,,
bMICs,T1w,L,12,consistency,,
bMICs,T1w,L,13,consistency,,
bMICs,T1w,L,14,consistency,,
bMICs,T1w,L,15,consistency,,
bMICs,T1w,L,16,consistency,,
bMICs,T1w,L,17,consistency,,
bMICs,T1w,L,18,consistency,,
bMICs,T1w,L,19,consistency,,
bMICs,T1w,L,20,consistency,,
bMICs,T1w,L,21,consistency,,
bMICs,T1w,L,22,consistency,0.986929342660069,
bMICs,T1w,L,23,consistency,,
bMICs,T1w,L,24,consistency,,
bMICs,T1w,L,25,consistency,0.9955790002986791,
bMICs,T1w,R,0,consistency,0.9988212140418988,
bMICs,T1w,R,1,consistency,0.9918249032941219,
bMICs,T1w,R,2,consistency,0.9986987039864945,
bMICs,T1w,R,3,consistency,0.9983648359115737,
bMICs,T1w,R,4,consistency,0.9951764206803184,
bMICs,T1w,R,5,consistency,0.9958871100452262,
bMICs,T1w,R,6,consistency,,
bMICs,T1w,R,7,consistency,,
bMICs,T1w,R,8,consistency,0.9989417860790741,
bMICs,T1w,R,9,consistency,,
bMICs,T1w,R,10,consistency,,
bMICs,T1w,R,11,consistency,,
bMICs,T1w,R,12,consistency,,
bMICs,T1w,R,13,consistency,,
bMICs,T1w,R,14,consistency,,
bMICs,T1w,R,15,consistency,,
bMICs,T1w,R,16,consistency,,
bMICs,T1w,R,17,consistency,,
bMICs,T1w,R,18,consistency,,
bMICs,T1w,R,19,consistency,,
bMICs,T1w,R,20,consistency,,
bMICs,T1w,R,21,consistency,,
bMICs,T1w,R,22,consistency,0.9842120386480158,
bMICs,T1w,R,23,consistency,,
bMICs,T1w,R,24,consistency,,
bMICs,T1w,R,25,consistency,0.9974384575331398,
bMICs,synthlayer_v0.3,L,0,consistency,,
bMICs,synthlayer_v0.3,L,1,consistency,,
bMICs,synthlayer_v0.3,L,2,consistency,,
bMICs,synthlayer_v0.3,L,3,consistency,,
bMICs,synthlayer_v0.3,L,4,consistency,,
bMICs,synthlayer_v0.3,L,5,consistency,,
bMICs,synthlayer_v0.3,L,6,consistency,,
bMICs,synthlayer_v0.3,L,7,consistency,,
bMICs,synthlayer_v0.3,L,8,consistency,,
bMICs,synthlayer_v0.3,L,9,consistency,,
bMICs,synthlayer_v0.3,L,10,consistency,,
bMICs,synthlayer_v0.3,L,11,consistency,,
bMICs,synthlayer_v0.3,L,12,consistency,,
bMICs,synthlayer_v0.3,L,13,consistency,,
bMICs,synthlayer_v0.3,L,14,consistency,,
bMICs,synthlayer_v0.3,L,15,consistency,,
bMICs,synthlayer_v0.3,L,16,consistency,,
bMICs,synthlayer_v0.3,L,17,consistency,,
bMICs,synthlayer_v0.3,L,18,consistency,,
bMICs,synthlayer_v0.3,L,19,consistency,,
bMICs,synthlayer_v0.3,L,20,consistency,,
bMICs,synthlayer_v0.3,L,21,consistency,,
bMICs,synthlayer_v0.3,L,22,consistency,,
bMICs,synthlayer_v0.3,L,23,consistency,,
bMICs,synthlayer_v0.3,L,24,consistency,,
bMICs,synthlayer_v0.3,L,25,consistency,,
bMICs,synthlayer_v0.3,R,0,consistency,,
bMICs,synthlayer_v0.3,R,1,consistency,,
bMICs,synthlayer_v0.3,R,2,consistency,,
bMICs,synthlayer_v0.3,R,3,consistency,,
bMICs,synthlayer_v0.3,R,4,consistency,,
bMICs,synthlayer_v0.3,R,5,consistency,,
bMICs,synthlayer_v0.3,R,6,consistency,,
bMICs,synthlayer_v0.3,R,7,consistency,,
bMICs,synthlayer_v0.3,R,8,consistency,,
bMICs,synthlayer_v0.3,R,9,consistency,,
bMICs,synthlayer_v0.3,R,10,consistency,,
bMICs,synthlayer_v0.3,R,11,consistency,,
bMICs,synthlayer_v0.3,R,12,consistency,,
bMICs,synthlayer_v0.3,R,13,consistency,,
bMICs,synthlayer_v0.3,R,14,consistency,,
bMICs,synthlayer_v0.3,R,15,consistency,,
bMICs,synthlayer_v0.3,R,16,consistency,,
bMICs,synthlayer_v0.3,R,17,consistency,,
bMICs,synthlayer_v0.3,R,18,consistency,,
bMICs,synthlayer_v0.3,R,19,consistency,,
bMICs,synthlayer_v0.3,R,20,consistency,,
bMICs,synthlayer_v0.3,R,21,consistency,,
bMICs,synthlayer_v0.3,R,22,consistency,,
bMICs,synthlayer_v0.3,R,23,consistency,,
bMICs,synthlayer_v0.3,R,24,consistency,,
bMICs,synthlayer_v0.3,R,25,consistency,,
PNI,T1w,L,0,identifiability,0.030879829247012623,
PNI,T1w,L,1,identifiability,0.046549661421444795,
PNI,T1w,L,2,identifiability,0.05772913356732807,
PNI,T1w,L,3,identifiability,0.03331053532951684,
PNI,T1w,L,4,identifiability,0.023412828139597913,
PNI,T1w,L,5,identifiability,0.03264517964093493,
PNI,T1w,L,6,identifiability,,
PNI,T1w,L,7,identifiability,0.03510849888746279,
PNI,T1w,L,8,identifiability,0.037795746987846525,
PNI,T1w,L,9,identifiability,,
PNI,T1w,L,10,identifiability,,
PNI,T1w,L,11,identifiability,,
PNI,T1w,L,12,identifiability,,
PNI,T1w,L,13,identifiability,,
PNI,T1w,L,14,identifiability,,
PNI,T1w,L,15,identifiability,0.026713490634177148,
PNI,T1w,L,16,identifiability,,
PNI,T1w,L,17,identifiability,0.13729635617203081,
PNI,T1w,L,18,identifiability,,
PNI,T1w,L,19,identifiability,,
PNI,T1w,L,20,identifiability,0.016307434878921886,
PNI,T1w,L,21,identifiability,,
PNI,T1w,L,22,identifiability,0.06122340204350785,
PNI,T1w,L,23,identifiability,0.016811046469690973,
PNI,T1w,L,24,identifiability,,
PNI,T1w,L,25,identifiability,,
PNI,T1w,R,0,identifiability,0.046324145934217326,
PNI,T1w,R,1,identifiability,0.04297546949466839,
PNI,T1w,R,2,identifiability,0.04979437162348359,
PNI,T1w,R,3,identifiability,0.031997157881011457,
PNI,T1w,R,4,identifiability,0.02030630486724948,
PNI,T1w,R,5,identifiability,0.03158199472817869,
PNI,T1w,R,6,identifiability,,
PNI,T1w,R,7,identifiability,0.05377221278748603,
PNI,T1w,R,8,identifiability,0.042406109354879234,
PNI,T1w,R,9,identifiability,,
PNI,T1w,R,10,identifiability,,
PNI,T1w,R,11,identifiability,,
PNI,T1w,R,12,identifiability,,
PNI,T1w,R,13,identifiability,,
PNI,T1w,R,14,identifiability,,
PNI,T1w,R,15,identifiability,0.022246626284207132,
PNI,T1w,R,16,identifiability,,
PNI,T1w,R,17,identifiability,0.0925398755780167,
PNI,T1w,R,18,identifiability,,
PNI,T1w,R,19,identifiability,,
PNI,T1w,R,20,identifiability,0.022013792601527055,
PNI,T1w,R,21,identifiability,,
PNI,T1w,R,22,identifiability,0.06217378246849322,
PNI,T1w,R,23,identifiability,0.017643230250249376,
PNI,T1w,R,24,identifiability,,
PNI,T1w,R,25,identifiability,,
PNI,synthlayer_v0.3,L,0,identifiability,0.2677629573502259,
PNI,synthlayer_v0.3,L,1,identifiability,0.27698768343827346,
PNI,synthlayer_v0.3,L,2,identifiability,0.28995882241953647,
PNI,synthlayer_v0.3,L,3,identifiability,0.23305396026568187,
PNI,synthlayer_v0.3,L,4,identifiability,,
PNI,synthlayer_v0.3,L,5,identifiability,,
PNI,synthlayer_v0.3,L,6,identifiability,,
PNI,synthlayer_v0.3,L,7,identifiability,,
PNI,synthlayer_v0.3,L,8,identifiability,,
PNI,synthlayer_v0.3,L,9,identifiability,,
PNI,synthlayer_v0.3,L,10,identifiability,,
PNI,synthlayer_v0.3,L,11,identifiability,,
PNI,synthlayer_v0.3,L,12,identifiability,,
PNI,synthlayer_v0.3,L,13,identifiability,,
PNI,synthlayer_v0.3,L,14,identifiability,,
PNI,synthlayer_v0.3,L,15,identifiability,,
PNI,synthlayer_v0.3,L,16,identifiability,,
PNI,synthlayer_v0.3,L,17,identifiability,0.38185636016155017,
PNI,synthlayer_v0.3,L,18,identifiability,,
PNI,synthlayer_v0.3,L,19,identifiability,,
PNI,synthlayer_v0.3,L,20,identifiability,,
PNI,synthlayer_v0.3,L,21,identifiability,,
PNI,synthlayer_v0.3,L,22,identifiability,,
PNI,synthlayer_v0.3,L,23,identifiability,0.2602450173222605,
PNI,synthlayer_v0.3,L,24,identifiability,,
PNI,synthlayer_v0.3,L,25,identifiability,,
PNI,synthlayer_v0.3,R,0,identifiability,0.4123273442694173,
PNI,synthlayer_v0.3,R,1,identifiability,0.42008898680436874,
PNI,synthlayer_v0.3,R,2,identifiability,0.42974549167440557,
PNI,synthlayer_v0.3,R,3,identifiability,0.37337189200808724,
PNI,synthlayer_v0.3,R,4,identifiability,,
PNI,synthlayer_v0.3,R,5,identifiability,,
PNI,synthlayer_v0.3,R,6,identifiability,,
PNI,synthlayer_v0.3,R,7,identifiability,,
PNI,synthlayer_v0.3,R,8,identifiability,,
PNI,synthlayer_v0.3,R,9,identifiability,,
PNI,synthlayer_v0.3,R,10,identifiability,,
PNI,synthlayer_v0.3,R,11,identifiability,,
PNI,synthlayer_v0.3,R,12,identifiability,,
PNI,synthlayer_v0.3,R,13,identifiability,,
PNI,synthlayer_v0.3,R,14,identifiability,,
PNI,synthlayer_v0.3,R,15,identifiability,,
PNI,synthlayer_v0.3,R,16,identifiability,,
PNI,synthlayer_v0.3,R,17,identifiability,0.42712546803412343,
PNI,synthlayer_v0.3,R,18,identifiability,,
PNI,synthlayer_v0.3,R,19,identifiability,,
PNI,synthlayer_v0.3,R,20,identifiability,,
PNI,synthlayer_v0.3,R,21,identifiability,,
PNI,synthlayer_v0.3,R,22,identifiability,,
PNI,synthlayer_v0.3,R,23,identifiability,0.4122870154436733,
PNI,synthlayer_v0.3,R,24,identifiability,,
PNI,synthlayer_v0.3,R,25,identifiability,,
MICs,T1w,L,0,identifiability,0.035370073183283855,
MICs,T1w,L,1,identifiability,0.029513464834143018,
MICs,T1w,L,2,identifiability,0.025816342822930084,
MICs,T1w,L,3,identifiability,0.020419949523506512,
MICs,T1w,L,4,identifiability,0.010658213173728068,
MICs,T1w,L,5,identifiability,0.04873169420515683,
MICs,T1w,L,6,identifiability,,
MICs,T1w,L,7,identifiability,,
MICs,T1w,L,8,identifiability,0.0410330897924301,
MICs,T1w,L,9,identifiability,,
MICs,T1w,L,10,identifiability,,
MICs,T1w,L,11,identifiability,,
MICs,T1w,L,12,identifiability,,
MICs,T1w,L,13,identifiability,,
MICs,T1w,L,14,identifiability,,
MICs,T1w,L,15,identifiability,,
MICs,T1w,L,16,identifiability,,
MICs,T1w,L,17,identifiability,,
MICs,T1w,L,18,identifiability,,
MICs,T1w,L,19,identifiability,,
MICs,T1w,L,20,identifiability,,
MICs,T1w,L,21,identifiability,,
MICs,T1w,L,22,identifiability,0.004354384982946958,
MICs,T1w,L,23,identifiability,,
MICs,T1w,L,24,identifiability,,
MICs,T1w,L,25,identifiability,0.0214503451962181,
MICs,T1w,R,0,identifiability,0.049749525054977636,
MICs,T1w,R,1,identifiability,0.025295844441952885,
MICs,T1w,R,2,identifiability,0.026086783413131635,
MICs,T1w,R,3,identifiability,0.020237511251799328,
MICs,T1w,R,4,identifiability,0.013621001381079108,
MICs,T1w,R,5,identifiability,0.034547031443439624,
MICs,T1w,R,6,identifiability,,
MICs,T1w,R,7,identifiability,,
MICs,T1w,R,8,identifiability,0.04599938276846401,
MICs,T1w,R,9,identifiability,,
MICs,T1w,R,10,identifiability,,
MICs,T1w,R,11,identifiability,,
MICs,T1w,R,12,identifiability,,
MICs,T1w,R,13,identifiability,,
MICs,T1w,R,14,identifiability,,
MICs,T1w,R,15,identifiability,,
MICs,T1w,R,16,identifiability,,
MICs,T1w,R,17,identifiability,,
MICs,T1w,R,18,identifiability,,
MICs,T1w,R,19,identifiability,,
MICs,T1w,R,20,identifiability,,
MICs,T1w,R,21,identifiability,,
MICs,T1w,R,22,identifiability,0.007324072267752079,
MICs,T1w,R,23,identifiability,,
MICs,T1w,R,24,identifiability,,
MICs,T1w,R,25,identifiability,0.029341446903543175,
MICs,synthlayer_v0.3,L,0,identifiability,0.16583185815967866,
MICs,synthlayer_v0.3,L,1,identifiability,0.1682190813633409,
MICs,synthlayer_v0.3,L,2,identifiability,0.16353243217609756,
MICs,synthlayer_v0.3,L,3,identifiability,,
MICs,synthlayer_v0.3,L,4,identifiability,,
MICs,synthlayer_v0.3,L,5,identifiability,,
MICs,synthlayer_v0.3,L,6,identifiability,,
MICs,synthlayer_v0.3,L,7,identifiability,,
MICs,synthlayer_v0.3,L,8,identifiability,,
MICs,synthlayer_v0.3,L,9,identifiability,,
MICs,synthlayer_v0.3,L,10,identifiability,,
MICs,synthlayer_v0.3,L,11,identifiability,,
MICs,synthlayer_v0.3,L,12,identifiability,,
MICs,synthlayer_v0.3,L,13,identifiability,,
MICs,synthlayer_v0.3,L,14,identifiability,,
MICs,synthlayer_v0.3,L,15,identifiability,,
MICs,synthlayer_v0.3,L,16,identifiability,,
MICs,synthlayer_v0.3,L,17,identifiability,,
MICs,synthlayer_v0.3,L,18,identifiability,,
MICs,synthlayer_v0.3,L,19,identifiability,,
MICs,synthlayer_v0.3,L,20,identifiability,,
MICs,synthlayer_v0.3,L,21,identifiability,,
MICs,synthlayer_v0.3,L,22,identifiability,,
MICs,synthlayer_v0.3,L,23,identifiability,,
MICs,synthlayer_v0.3,L,24,identifiability,,
MICs,synthlayer_v0.3,L,25,identifiability,0.1595465195001759,
MICs,synthlayer_v0.3,R,0,identifiability,0.21801172186173806,
MICs,synthlayer_v0.3,R,1,identifiability,0.1981074511622482,
MICs,synthlayer_v0.3,R,2,identifiability,0.19281694244586794,
MICs,synthlayer_v0.3,R,3,identifiability,,
MICs,synthlayer_v0.3,R,4,identifiability,,
MICs,synthlayer_v0.3,R,5,identifiability,,
MICs,synthlayer_v0.3,R,6,identifiability,,
MICs,synthlayer_v0.3,R,7,identifiability,,
MICs,synthlayer_v0.3,R,8,identifiability,,
MICs,synthlayer_v0.3,R,9,identifiability,,
MICs,synthlayer_v0.3,R,10,identifiability,,
MICs,synthlayer_v0.3,R,11,identifiability,,
MICs,synthlayer_v0.3,R,12,identifiability,,
MICs,synthlayer_v0.3,R,13,identifiability,,
MICs,synthlayer_v0.3,R,14,identifiability,,
MICs,synthlayer_v0.3,R,15,identifiability,,
MICs,synthlayer_v0.3,R,16,identifiability,,
MICs,synthlayer_v0.3,R,17,identifiability,,
MICs,synthlayer_v0.3,R,18,identifiability,,
MICs,synthlayer_v0.3,R,19,identifiability,,
MICs,synthlayer_v0.3,R,20,identifiability,,
MICs,synthlayer_v0.3,R,21,identifiability,,
MICs,synthlayer_v0.3,R,22,identifiability,,
MICs,synthlayer_v0.3,R,23,identifiability,,
MICs,synthlayer_v0.3,R,24,identifiability,,
MICs,synthlayer_v0.3,R,25,identifiability,0.19400219792266615,
bMICs,T1w,L,0,identifiability,0.034722319035636884,
bMICs,T1w,L,1,identifiability,0.02984136847673116,
bMICs,T1w,L,2,identifiability,0.02549640123367522,
bMICs,T1w,L,3,identifiability,0.018847273826132913,
bMICs,T1w,L,4,identifiability,0.012445073379646558,
bMICs,T1w,L,5,identifiability,0.04900495428852946,
bMICs,T1w,L,6,identifiability,,
bMICs,T1w,L,7,identifiability,,
bMICs,T1w,L,8,identifiability,0.044805457210871404,
bMICs,T1w,L,9,identifiability,,
bMICs,T1w,L,10,identifiability,,
bMICs,T1w,L,11,identifiability,,
bMICs,T1w,L,12,identifiability,,
bMICs,T1w,L,13,identifiability,,
bMICs,T1w,L,14,identifiability,,
bMICs,T1w,L,15,identifiability,,
bMICs,T1w,L,16,identifiability,,
bMICs,T1w,L,17,identifiability,,
bMICs,T1w,L,18,identifiability,,
bMICs,T1w,L,19,identifiability,,
bMICs,T1w,L,20,identifiability,,
bMICs,T1w,L,21,identifiability,,
bMICs,T1w,L,22,identifiability,0.006668185164948333,
bMICs,T1w,L,23,identifiability,,
bMICs,T1w,L,24,identifiability,,
bMICs,T1w,L,25,identifiability,0.020219934271480094,
bMICs,T1w,R,0,identifiability,0.050578124334325125,
bMICs,T1w,R,1,identifiability,0.02941019924732437,
bMICs,T1w,R,2,identifiability,0.02743479498201827,
bMICs,T1w,R,3,identifiability,0.02035790928915713,
bMICs,T1w,R,4,identifiability,0.014418618631073563,
bMICs,T1w,R,5,identifiability,0.034254204878766625,
bMICs,T1w,R,6,identifiability,,
bMICs,T1w,R,7,identifiability,,
bMICs,T1w,R,8,identifiability,0.04667952978959227,
bMICs,T1w,R,9,identifiability,,
bMICs,T1w,R,10,identifiability,,
bMICs,T1w,R,11,identifiability,,
bMICs,T1w,R,12,identifiability,,
bMICs,T1w,R,13,identifiability,,
bMICs,T1w,R,14,identifiability,,
bMICs,T1w,R,15,identifiability,,
bMICs,T1w,R,16,identifiability,,
bMICs,T1w,R,17,identifiability,,
bMICs,T1w,R,18,identifiability,,
bMICs,T1w,R,19,identifiability,,
bMICs,T1w,R,20,identifiability,,
bMICs,T1w,R,21,identifiability,,
bMICs,T1w,R,22,identifiability,0.005219583741705295,
bMICs,T1w,R,23,identifiability,,
bMICs,T1w,R,24,identifiability,,
bMICs,T1w,R,25,identifiability,0.028930999613942243,
bMICs,synthlayer_v0.3,L,0,identifiability,,
bMICs,synthlayer_v0.3,L,1,identifiability,,
bMICs,synthlayer_v0.3,L,2,identifiability,,
bMICs,synthlayer_v0.3,L,3,identifiability,,
bMICs,synthlayer_v0.3,L,4,identifiability,,
bMICs,synthlayer_v0.3,L,5,identifiability,,
bMICs,synthlayer_v0.3,L,6,identifiability,,
bMICs,synthlayer_v0.3,L,7,identifiability,,
bMICs,synthlayer_v0.3,L,8,identifiability,,
bMICs,synthlayer_v0.3,L,9,identifiability,,
bMICs,synthlayer_v0.3,L,10,identifiability,,
bMICs,synthlayer_v0.3,L,11,identifiability,,
bMICs,synthlayer_v0.3,L,12,identifiability,,
bMICs,synthlayer_v0.3,L,13,identifiability,,
bMICs,synthlayer_v0.3,L,14,identifiability,,
bMICs,synthlayer_v0.3,L,15,identifiability,,
bMICs,synthlayer_v0.3,L,16,identifiability,,
bMICs,synthlayer_v0.3,L,17,identifiability,,
bMICs,synthlayer_v0.3,L,18,identifiability,,
bMICs,synthlayer_v0.3,L,19,identifiability,,
bMICs,synthlayer_v0.3,L,20,identifiability,,
bMICs,synthlayer_v0.3,L,21,identifiability,,
bMICs,synthlayer_v0.3,L,22,identifiability,,
bMICs,synthlayer_v0.3,L,23,identifiability,,
bMICs,synthlayer_v0.3,L,24,identifiability,,
bMICs,synthlayer_v0.3,L,25,identifiability,,
bMICs,synthlayer_v0.3,R,0,identifiability,,
bMICs,synthlayer_v0.3,R,1,identifiability,,
bMICs,synthlayer_v0.3,R,2,identifiability,,
bMICs,synthlayer_v0.3,R,3,identifiability,,
bMICs,synthlayer_v0.3,R,4,identifiability,,
bMICs,synthlayer_v0.3,R,5,identifiability,,
bMICs,synthlayer_v0.3,R,6,identifiability,,
bMICs,synthlayer_v0.3,R,7,identifiability,,
bMICs,synthlayer_v0.3,R,8,identifiability,,
bMICs,synthlayer_v0.3,R,9,identifiability,,
bMICs,synthlayer_v0.3,R,10,identifiability,,
bMICs,synthlayer_v0.3,R,11,identifiability,,
bMICs,synthlayer_v0.3,R,12,identifiability,,
bMICs,synthlayer_v0.3,R,13,identifiability,,
bMICs,synthlayer_v0.3,R,14,identifiability,,
bMICs,synthlayer_v0.3,R,15,identifiability,,
bMICs,synthlayer_v0.3,R,16,identifiability,,
bMICs,synthlayer_v0.3,R,17,identifiability,,
bMICs,synthlayer_v0.3,R,18,identifiability,,
bMICs,synthlayer_v0.3,R,19,identifiability,,
bMICs,synthlayer_v0.3,R,20,identifiability,,
bMICs,synthlayer_v0.3,R,21,identifiability,,
bMICs,synthlayer_v0.3,R,22,identifiability,,
bMICs,synthlayer_v0.3,R,23,identifiability,,
bMICs,synthlayer_v0.3,R,24,identifiability,,
bMICs,synthlayer_v0.3,R,25,identifiability,,
,T1w,L,0,generalizability,0.9990267625067473,PNI-MICs
,T1w,L,0,generalizability,0.9994709466628604,MICs-bMICs
,T1w,L,0,generalizability,0.9989812810867427,bMICs-PNI
,T1w,L,1,generalizability,0.9989948986243526,PNI-MICs
,T1w,L,1,generalizability,0.9995013564616491,MICs-bMICs
,T1w,L,1,generalizability,0.9985383652691417,bMICs-PNI
,T1w,L,2,generalizability,0.9692083633326696,PNI-MICs
,T1w,L,2,generalizability,0.9992986508772036,MICs-bMICs
,T1w,L,2,generalizability,0.9677616464824282,bMICs-PNI
,T1w,L,3,generalizability,0.9903332092883896,PNI-MICs
,T1w,L,3,generalizability,0.999630558549083,MICs-bMICs
,T1w,L,3,generalizability,0.989582817857976,bMICs-PNI
,T1w,L,4,generalizability,0.9986892528508793,PNI-MICs
,T1w,L,4,generalizability,0.9996432291604717,MICs-bMICs
,T1w,L,4,generalizability,0.9986673587399209,bMICs-PNI
,T1w,L,5,generalizability,0.9488520314543794,PNI-MICs
,T1w,L,5,generalizability,0.9993869416345483,MICs-bMICs
,T1w,L,5,generalizability,0.9458608714511637,bMICs-PNI
,T1w,L,6,generalizability,0.956646878078607,PNI-MICs
,T1w,L,6,generalizability,0.9992488929222859,MICs-bMICs
,T1w,L,6,generalizability,0.9564572504276405,bMICs-PNI
,T1w,L,7,generalizability,0.998310309129743,PNI-MICs
,T1w,L,7,generalizability,0.9988622811145883,MICs-bMICs
,T1w,L,7,generalizability,0.9978300346290335,bMICs-PNI
,T1w,L,8,generalizability,0.999114455291873,PNI-MICs
,T1w,L,8,generalizability,0.9990556955806729,MICs-bMICs
,T1w,L,8,generalizability,0.9984032785599664,bMICs-PNI
,T1w,L,9,generalizability,,PNI-MICs
,T1w,L,9,generalizability,,MICs-bMICs
,T1w,L,9,generalizability,,bMICs-PNI
,T1w,L,10,generalizability,0.9975479465358531,PNI-MICs
,T1w,L,10,generalizability,0.9989690272640722,MICs-bMICs
,T1w,L,10,generalizability,0.9978178870939602,bMICs-PNI
,T1w,L,11,generalizability,0.9955205776774974,PNI-MICs
,T1w,L,11,generalizability,0.9988927979940022,MICs-bMICs
,T1w,L,11,generalizability,0.9961373239313307,bMICs-PNI
,T1w,L,12,generalizability,0.9986802952215138,PNI-MICs
,T1w,L,12,generalizability,0.9987147879616572,MICs-bMICs
,T1w,L,12,generalizability,0.9983210768648737,bMICs-PNI
,T1w,L,13,generalizability,0.9973895879467658,PNI-MICs
,T1w,L,13,generalizability,0.9990743006784979,MICs-bMICs
,T1w,L,13,generalizability,0.996839619473888,bMICs-PNI
,T1w,L,14,generalizability,0.9717363443098639,PNI-MICs
,T1w,L,14,generalizability,0.9991524722009383,MICs-bMICs
,T1w,L,14,generalizability,0.970213768140517,bMICs-PNI
,T1w,L,15,generalizability,0.9657905561820325,PNI-MICs
,T1w,L,15,generalizability,0.9987394266781175,MICs-bMICs
,T1w,L,15,generalizability,0.9644416609903071,bMICs-PNI
,T1w,L,16,generalizability,0.9970723413458017,PNI-MICs
,T1w,L,16,generalizability,0.99913354173924,MICs-bMICs
,T1w,L,16,generalizability,0.9967863314920715,bMICs-PNI
,T1w,L,17,generalizability,0.9184645695739793,PNI-MICs
,T1w,L,17,generalizability,0.9959146324815883,MICs-bMICs
,T1w,L,17,generalizability,0.923031310506451,bMICs-PNI
,T1w,L,18,generalizability,0.9884399534047882,PNI-MICs
,T1w,L,18,generalizability,0.9982901941794009,MICs-bMICs
,T1w,L,18,generalizability,0.987230942609325,bMICs-PNI
,T1w,L,19,generalizability,0.9569123633523731,PNI-MICs
,T1w,L,19,generalizability,0.9987404498359199,MICs-bMICs
,T1w,L,19,generalizability,0.9563805607403286,bMICs-PNI
,T1w,L,20,generalizability,0.9634466338479705,PNI-MICs
,T1w,L,20,generalizability,0.9988887527370656,MICs-bMICs
,T1w,L,20,generalizability,0.9615765021623895,bMICs-PNI
,T1w,L,21,generalizability,0.9149673823470003,PNI-MICs
,T1w,L,21,generalizability,0.9969723415006908,MICs-bMICs
,T1w,L,21,generalizability,0.914076528995605,bMICs-PNI
,T1w,L,22,generalizability,0.9650919138541525,PNI-MICs
,T1w,L,22,generalizability,0.9993778397246175,MICs-bMICs
,T1w,L,22,generalizability,0.9678982518794271,bMICs-PNI
,T1w,L,23,generalizability,0.9643467012700756,PNI-MICs
,T1w,L,23,generalizability,0.9988511641556941,MICs-bMICs
,T1w,L,23,generalizability,0.964118044322548,bMICs-PNI
,T1w,L,24,generalizability,0.9627541642024813,PNI-MICs
,T1w,L,24,generalizability,0.9990706688043746,MICs-bMICs
,T1w,L,24,generalizability,0.9623862799895196,bMICs-PNI
,T1w,L,25,generalizability,0.997601095004323,PNI-MICs
,T1w,L,25,generalizability,0.9990205065684092,MICs-bMICs
,T1w,L,25,generalizability,0.9977977481683937,bMICs-PNI
,T1w,R,0,generalizability,0.9987819960439038,PNI-MICs
,T1w,R,0,generalizability,0.9992859541170015,MICs-bMICs
,T1w,R,0,generalizability,0.9983290140913007,bMICs-PNI
,T1w,R,1,generalizability,0.9985648011703333,PNI-MICs
,T1w,R,1,generalizability,0.9977452982835998,MICs-bMICs
,T1w,R,1,generalizability,0.9973437428754987,bMICs-PNI
,T1w,R,2,generalizability,0.9703585900795849,PNI-MICs
,T1w,R,2,generalizability,0.9995687953125747,MICs-bMICs
,T1w,R,2,generalizability,0.970094982289056,bMICs-PNI
,T1w,R,3,generalizability,0.9894742377139681,PNI-MICs
,T1w,R,3,generalizability,0.9995955616882186,MICs-bMICs
,T1w,R,3,generalizability,0.9892973512056711,bMICs-PNI
,T1w,R,4,generalizability,0.9986555974159466,PNI-MICs
,T1w,R,4,generalizability,0.9995787426332919,MICs-bMICs
,T1w,R,4,generalizability,0.9985217807377958,bMICs-PNI
,T1w,R,5,generalizability,0.9480876238522998,PNI-MICs
,T1w,R,5,generalizability,0.9989319243394417,MICs-bMICs
,T1w,R,5,generalizability,0.9464724782760296,bMICs-PNI
,T1w,R,6,generalizability,0.9574989040152327,PNI-MICs
,T1w,R,6,generalizability,0.9987205294985217,MICs-bMICs
,T1w,R,6,generalizability,0.9572910456117867,bMICs-PNI
,T1w,R,7,generalizability,0.9983966304674111,PNI-MICs
,T1w,R,7,generalizability,0.9979585715045041,MICs-bMICs
,T1w,R,7,generalizability,0.9966218631942785,bMICs-PNI
,T1w,R,8,generalizability,0.9990403169241541,PNI-MICs
,T1w,R,8,generalizability,0.999632957749291,MICs-bMICs
,T1w,R,8,generalizability,0.9988505055331165,bMICs-PNI
,T1w,R,9,generalizability,,PNI-MICs
,T1w,R,9,generalizability,,MICs-bMICs
,T1w,R,9,generalizability,,bMICs-PNI
,T1w,R,10,generalizability,0.9968273829825217,PNI-MICs
,T1w,R,10,generalizability,0.9979444156015763,MICs-bMICs
,T1w,R,10,generalizability,0.9955094746257103,bMICs-PNI
,T1w,R,11,generalizability,0.9950561408342241,PNI-MICs
,T1w,R,11,generalizability,0.9993316523772192,MICs-bMICs
,T1w,R,11,generalizability,0.9952791908790579,bMICs-PNI
,T1w,R,12,generalizability,0.9979541870523805,PNI-MICs
,T1w,R,12,generalizability,0.9960993669145234,MICs-bMICs
,T1w,R,12,generalizability,0.9923763107514201,bMICs-PNI
,T1w,R,13,generalizability,0.9984167040091259,PNI-MICs
,T1w,R,13,generalizability,0.9992785074899841,MICs-bMICs
,T1w,R,13,generalizability,0.9983072010093157,bMICs-PNI
,T1w,R,14,generalizability,0.9733032241698646,PNI-MICs
,T1w,R,14,generalizability,0.9991871385307118,MICs-bMICs
,T1w,R,14,generalizability,0.9717269224827627,bMICs-PNI
,T1w,R,15,generalizability,0.9613867212641419,PNI-MICs
,T1w,R,15,generalizability,0.9986551828154617,MICs-bMICs
,T1w,R,15,generalizability,0.9612133514126314,bMICs-PNI
,T1w,R,16,generalizability,0.9973299357574652,PNI-MICs
,T1w,R,16,generalizability,0.9986128313315795,MICs-bMICs
,T1w,R,16,generalizability,0.9972028260244008,bMICs-PNI
,T1w,R,17,generalizability,0.9191067534199334,PNI-MICs
,T1w,R,17,generalizability,0.9959955059016056,MICs-bMICs
,T1w,R,17,generalizability,0.9270812185332963,bMICs-PNI
,T1w,R,18,generalizability,0.9912037959702812,PNI-MICs
,T1w,R,18,generalizability,0.9983582347663257,MICs-bMICs
,T1w,R,18,generalizability,0.9896347988819449,bMICs-PNI
,T1w,R,19,generalizability,0.9587738301931334,PNI-MICs
,T1w,R,19,generalizability,0.9983448272547447,MICs-bMICs
,T1w,R,19,generalizability,0.959960909882529,bMICs-PNI
,T1w,R,20,generalizability,0.9673408289680817,PNI-MICs
,T1w,R,20,generalizability,0.9989536436651433,MICs-bMICs
,T1w,R,20,generalizability,0.9679059395121666,bMICs-PNI
,T1w,R,21,generalizability,0.9104672769712592,PNI-MICs
,T1w,R,21,generalizability,0.9991472921088961,MICs-bMICs
,T1w,R,21,generalizability,0.9101370639760481,bMICs-PNI
,T1w,R,22,generalizability,0.9678973734474055,PNI-MICs
,T1w,R,22,generalizability,0.9993804962892627,MICs-bMICs
,T1w,R,22,generalizability,0.9687743107566226,bMICs-PNI
,T1w,R,23,generalizability,0.9675957065056294,PNI-MICs
,T1w,R,23,generalizability,0.9992131242753697,MICs-bMICs
,T1w,R,23,generalizability,0.966566483437886,bMICs-PNI
,T1w,R,24,generalizability,0.9436602203450457,PNI-MICs
,T1w,R,24,generalizability,0.999156238073056,MICs-bMICs
,T1w,R,24,generalizability,0.9448096029222526,bMICs-PNI
,T1w,R,25,generalizability,0.9987967816772573,PNI-MICs
,T1w,R,25,generalizability,0.9993797032269088,MICs-bMICs
,T1w,R,25,generalizability,0.9983256928384898,bMICs-PNI
,synthlayer_v0.3,L,0,generalizability,0.9961038494792155,PNI-MICs
,synthlayer_v0.3,L,0,generalizability,,MICs-bMICs
,synthlayer_v0.3,L,0,generalizability,,bMICs-PNI
,synthlayer_v0.3,L,1,generalizability,0.9971132483246842,PNI-MICs
,synthlayer_v0.3,L,1,generalizability,,MICs-bMICs
,synthlayer_v0.3,L,1,generalizability,,bMICs-PNI
,synthlayer_v0.3,L,2,generalizability,0.9651907942273774,PNI-MICs
,synthlayer_v0.3,L,2,generalizability,,MICs-bMICs
,synthlayer_v0.3,L,2,generalizability,,bMICs-PNI
,synthlayer_v0.3,L,3,generalizability,,PNI-MICs
,synthlayer_v0.3,L,3,generalizability,,MICs-bMICs
,synthlayer_v0.3,L,3,generalizability,,bMICs-PNI
,synthlayer_v0.3,L,4,generalizability,,PNI-MICs
,synthlayer_v0.3,L,4,generalizability,,MICs-bMICs
,synthlayer_v0.3,L,4,generalizability,,bMICs-PNI
,synthlayer_v0.3,L,5,generalizability,,PNI-MICs
,synthlayer_v0.3,L,5,generalizability,,MICs-bMICs
,synthlayer_v0.3,L,5,generalizability,,bMICs-PNI
,synthlayer_v0.3,L,6,generalizability,0.9541537452814826,PNI-MICs
,synthlayer_v0.3,L,6,generalizability,,MICs-bMICs
,synthlayer_v0.3,L,6,generalizability,,bMICs-PNI
,synthlayer_v0.3,L,7,generalizability,,PNI-MICs
,synthlayer_v0.3,L,7,generalizability,,MICs-bMICs
,synthlayer_v0.3,L,7,generalizability,,bMICs-PNI
,synthlayer_v0.3,L,8,generalizability,,PNI-MICs
,synthlayer_v0.3,L,8,generalizability,,MICs-bMICs
,synthlayer_v0.3,L,8,generalizability,,bMICs-PNI
,synthlayer_v0.3,L,9,generalizability,,PNI-MICs
,synthlayer_v0.3,L,9,generalizability,,MICs-bMICs
,synthlayer_v0.3,L,9,generalizability,,bMICs-PNI
,synthlayer_v0.3,L,10,generalizability,0.7256992517339792,PNI-MICs
,synthlayer_v0.3,L,10,generalizability,,MICs-bMICs
,synthlayer_v0.3,L,10,generalizability,,bMICs-PNI
,synthlayer_v0.3,L,11,generalizability,0.9924832175533878,PNI-MICs
,synthlayer_v0.3,L,11,generalizability,,MICs-bMICs
,synthlayer_v0.3,L,11,generalizability,,bMICs-PNI
,synthlayer_v0.3,L,12,generalizability,0.9937088924125883,PNI-MICs
,synthlayer_v0.3,L,12,generalizability,,MICs-bMICs
,synthlayer_v0.3,L,12,generalizability,,bMICs-PNI
,synthlayer_v0.3,L,13,generalizability,0.9210467356581992,PNI-MICs
,synthlayer_v0.3,L,13,generalizability,,MICs-bMICs
,synthlayer_v0.3,L,13,generalizability,,bMICs-PNI
,synthlayer_v0.3,L,14,generalizability,,PNI-MICs
,synthlayer_v0.3,L,14,generalizability,,MICs-bMICs
,synthlayer_v0.3,L,14,generalizability,,bMICs-PNI
,synthlayer_v0.3,L,15,generalizability,,PNI-MICs
,synthlayer_v0.3,L,15,generalizability,,MICs-bMICs
,synthlayer_v0.3,L,15,generalizability,,bMICs-PNI
,synthlayer_v0.3,L,16,generalizability,,PNI-MICs
,synthlayer_v0.3,L,16,generalizability,,MICs-bMICs
,synthlayer_v0.3,L,16,generalizability,,bMICs-PNI
,synthlayer_v0.3,L,17,generalizability,0.9030547510384742,PNI-MICs
,synthlayer_v0.3,L,17,generalizability,,MICs-bMICs
,synthlayer_v0.3,L,17,generalizability,,bMICs-PNI
,synthlayer_v0.3,L,18,generalizability,0.9849535969141666,PNI-MICs
,synthlayer_v0.3,L,18,generalizability,,MICs-bMICs
,synthlayer_v0.3,L,18,generalizability,,bMICs-PNI
,synthlayer_v0.3,L,19,generalizability,0.9567029509092297,PNI-MICs
,synthlayer_v0.3,L,19,generalizability,,MICs-bMICs
,synthlayer_v0.3,L,19,generalizability,,bMICs-PNI
,synthlayer_v0.3,L,20,generalizability,,PNI-MICs
,synthlayer_v0.3,L,20,generalizability,,MICs-bMICs
,synthlayer_v0.3,L,20,generalizability,,bMICs-PNI
,synthlayer_v0.3,L,21,generalizability,0.6355805012265887,PNI-MICs
,synthlayer_v0.3,L,21,generalizability,,MICs-bMICs
,synthlayer_v0.3,L,21,generalizability,,bMICs-PNI
,synthlayer_v0.3,L,22,generalizability,,PNI-MICs
,synthlayer_v0.3,L,22,generalizability,,MICs-bMICs
,synthlayer_v0.3,L,22,generalizability,,bMICs-PNI
,synthlayer_v0.3,L,23,generalizability,0.9661521493943113,PNI-MICs
,synthlayer_v0.3,L,23,generalizability,,MICs-bMICs
,synthlayer_v0.3,L,23,generalizability,,bMICs-PNI
,synthlayer_v0.3,L,24,generalizability,-0.7937275476494849,PNI-MICs
,synthlayer_v0.3,L,24,generalizability,,MICs-bMICs
,synthlayer_v0.3,L,24,generalizability,,bMICs-PNI
,synthlayer_v0.3,L,25,generalizability,0.9760007061009336,PNI-MICs
,synthlayer_v0.3,L,25,generalizability,,MICs-bMICs
,synthlayer_v0.3,L,25,generalizability,,bMICs-PNI
,synthlayer_v0.3,R,0,generalizability,0.9869429415197469,PNI-MICs
,synthlayer_v0.3,R,0,generalizability,,MICs-bMICs
,synthlayer_v0.3,R,0,generalizability,,bMICs-PNI
,synthlayer_v0.3,R,1,generalizability,0.9968613880894092,PNI-MICs
,synthlayer_v0.3,R,1,generalizability,,MICs-bMICs
,synthlayer_v0.3,R,1,generalizability,,bMICs-PNI
,synthlayer_v0.3,R,2,generalizability,0.9709460686702802,PNI-MICs
,synthlayer_v0.3,R,2,generalizability,,MICs-bMICs
,synthlayer_v0.3,R,2,generalizability,,bMICs-PNI
,synthlayer_v0.3,R,3,generalizability,,PNI-MICs
,synthlayer_v0.3,R,3,generalizability,,MICs-bMICs
,synthlayer_v0.3,R,3,generalizability,,bMICs-PNI
,synthlayer_v0.3,R,4,generalizability,,PNI-MICs
,synthlayer_v0.3,R,4,generalizability,,MICs-bMICs
,synthlayer_v0.3,R,4,generalizability,,bMICs-PNI
,synthlayer_v0.3,R,5,generalizability,,PNI-MICs
,synthlayer_v0.3,R,5,generalizability,,MICs-bMICs
,synthlayer_v0.3,R,5,generalizability,,bMICs-PNI
,synthlayer_v0.3,R,6,generalizability,0.9493542801126065,PNI-MICs
,synthlayer_v0.3,R,6,generalizability,,MICs-bMICs
,synthlayer_v0.3,R,6,generalizability,,bMICs-PNI
,synthlayer_v0.3,R,7,generalizability,,PNI-MICs
,synthlayer_v0.3,R,7,generalizability,,MICs-bMICs
,synthlayer_v0.3,R,7,generalizability,,bMICs-PNI
,synthlayer_v0.3,R,8,generalizability,,PNI-MICs
,synthlayer_v0.3,R,8,generalizability,,MICs-bMICs
,synthlayer_v0.3,R,8,generalizability,,bMICs-PNI
,synthlayer_v0.3,R,9,generalizability,,PNI-MICs
,synthlayer_v0.3,R,9,generalizability,,MICs-bMICs
,synthlayer_v0.3,R,9,generalizability,,bMICs-PNI
,synthlayer_v0.3,R,10,generalizability,0.9522328809303725,PNI-MICs
,synthlayer_v0.3,R,10,generalizability,,MICs-bMICs
,synthlayer_v0.3,R,10,generalizability,,bMICs-PNI
,synthlayer_v0.3,R,11,generalizability,0.994179146004547,PNI-MICs
,synthlayer_v0.3,R,11,generalizability,,MICs-bMICs
,synthlayer_v0.3,R,11,generalizability,,bMICs-PNI
,synthlayer_v0.3,R,12,generalizability,0.5726401688718088,PNI-MICs
,synthlayer_v0.3,R,12,generalizability,,MICs-bMICs
,synthlayer_v0.3,R,12,generalizability,,bMICs-PNI
,synthlayer_v0.3,R,13,generalizability,0.9848515531564295,PNI-MICs
,synthlayer_v0.3,R,13,generalizability,,MICs-bMICs
,synthlayer_v0.3,R,13,generalizability,,bMICs-PNI
,synthlayer_v0.3,R,14,generalizability,,PNI-MICs
,synthlayer_v0.3,R,14,generalizability,,MICs-bMICs
,synthlayer_v0.3,R,14,generalizability,,bMICs-PNI
,synthlayer_v0.3,R,15,generalizability,,PNI-MICs
,synthlayer_v0.3,R,15,generalizability,,MICs-bMICs
,synthlayer_v0.3,R,15,generalizability,,bMICs-PNI
,synthlayer_v0.3,R,16,generalizability,0.6125170732668309,PNI-MICs
,synthlayer_v0.3,R,16,generalizability,,MICs-bMICs
,synthlayer_v0.3,R,16,generalizability,,bMICs-PNI
,synthlayer_v0.3,R,17,generalizability,0.4505762960490726,PNI-MICs
,synthlayer_v0.3,R,17,generalizability,,MICs-bMICs
,synthlayer_v0.3,R,17,generalizability,,bMICs-PNI
,synthlayer_v0.3,R,18,generalizability,,PNI-MICs
,synthlayer_v0.3,R,18,generalizability,,MICs-bMICs
,synthlayer_v0.3,R,18,generalizability,,bMICs-PNI
,synthlayer_v0.3,R,19,generalizability,0.9504429985069262,PNI-MICs
,synthlayer_v0.3,R,19,generalizability,,MICs-bMICs
,synthlayer_v0.3,R,19,generalizability,,bMICs-PNI
,synthlayer_v0.3,R,20,generalizability,,PNI-MICs
,synthlayer_v0.3,R,20,generalizability,,MICs-bMICs
,synthlayer_v0.3,R,20,generalizability,,bMICs-PNI
,synthlayer_v0.3,R,21,generalizability,-0.6371936142411314,PNI-MICs
,synthlayer_v0.3,R,21,generalizability,,MICs-bMICs
,synthlayer_v0.3,R,21,generalizability,,bMICs-PNI
,synthlayer_v0.3,R,22,generalizability,,PNI-MICs
,synthlayer_v0.3,R,22,generalizability,,MICs-bMICs
,synthlayer_v0.3,R,22,generalizability,,bMICs-PNI
,synthlayer_v0.3,R,23,generalizability,0.9662176278430619,PNI-MICs
,synthlayer_v0.3,R,23,generalizability,,MICs-bMICs
,synthlayer_v0.3,R,23,generalizability,,bMICs-PNI
,synthlayer_v0.3,R,24,generalizability,-0.7769298718818197,PNI-MICs
,synthlayer_v0.3,R,24,generalizability,,MICs-bMICs
,synthlayer_v0.3,R,24,generalizability,,bMICs-PNI
,synthlayer_v0.3,R,25,generalizability,-0.7510193630622939,PNI-MICs
,synthlayer_v0.3,R,25,generalizability,,MICs-bMICs
,synthlayer_v0.3,R,25,generalizability,,bMICs-PNI
